"","word","count"
"1","feel",12469
"2","know",9486
"3","life",7768
"4","cant",6255
"5","people",5925
"6","think",4800
"7","help",4749
"8","never",4740
"9","years",4579
"10","day",4360
"11","friends",3994
"12","something",3735
"13","good",3640
"14","always",3528
"15","depression",3455
"16","anything",3438
"17","feeling",3190
"18","better",3171
"19","someone",3157
"20","anyone",2972
"21","anxiety",2968
"22","bad",2953
"23","love",2935
"24","see",2820
"25","everything",2819
"26","year",2741
"27","every",2736
"28","family",2634
